category,t_stat_image,p_value_image,t_stat_pixel,p_value_pixel,image_difference,pixel_difference,image_median_clean,image_median_contaminated,pixel_median_clean,pixel_median_contaminated
breakfast_box,-2.1194180873631394,0.05070425079985395,1.364332680819114,0.8951981439014847,0.04350559999999999,-0.028497400000000006,0.74554,0.690108,0.496738,0.494306
juice_bottle,-3.444774896742461,0.013089583435221699,-4.778443587277767,0.0006967239683518517,0.02933819999999998,0.10932199999999999,0.968139,0.940447,0.982932,0.889429
pushpins,-4.903854108226116,0.008116221292748471,0.680694310616069,0.7392737601763018,0.015995250000000016,-0.007843999999999962,0.829935,0.8113695,0.6687244999999999,0.6732689999999999
screw_bag,-2.0451009846937054,0.055151172448577514,-0.5512537429390935,0.29825774653136583,0.014376399999999978,0.008102999999999994,0.690689,0.675262,0.591853,0.603514
splicing_connectors,-1.2414905316503138,0.14112581863131424,0.08923277622588054,0.5344547950344314,0.00451100000000002,-0.0008360000000000367,0.858193,0.855097,0.748439,0.744793
