category,t_stat_image,p_value_image,t_stat_pixel,p_value_pixel
breakfast_box,-2.1194180873631394,0.05070425079985395,1.364332680819114,0.8951981439014847
juice_bottle,-3.444774896742461,0.013089583435221699,-4.778443587277767,0.0006967239683518517
pushpins,-4.903854108226116,0.008116221292748471,0.680694310616069,0.7392737601763018
screw_bag,-2.0451009846937054,0.055151172448577514,-0.5512537429390935,0.29825774653136583
splicing_connectors,-1.2414905316503138,0.14112581863131424,0.08923277622588054,0.5344547950344314
