category,image_median_clean,image_median_contaminated,pixel_median_clean,pixel_median_contaminated,image_difference,pixel_difference,t_stat_image,p_value_image,t_stat_pixel,p_value_pixel,image_median_clean_robust,image_median_contaminated_robust,pixel_median_clean_robust,pixel_median_contaminated_robust,image_difference_robust,pixel_difference_robust,t_stat_image_robust,p_value_image_robust,t_stat_pixel_robust,p_value_pixel_robust,var_image_AUC_contaminated,var_image_AUC_clean,var_pixel_AUC_contaminated,var_pixel_AUC_clean
01,0.989418,0.962963,0.972502,0.945294,0.01164019999999999,0.026390400000000015,-2.0604887854797242,0.0541962190111371,-8.294590329985814,1.681463373442727e-05,0.994709,0.968254,0.972151,0.945738,0.013756599999999963,0.026666000000000033,-1.5267725707382032,0.08266698929292983,-5.6561723543704785,0.00023899579060100655,0.00010211393164761939,8.835089174761895e-05,7.873308306190522e-05,6.4390373619048285e-06
02,0.733126,0.737888,0.957003,0.940269,0.0065008000000000175,0.02549180000000002,-1.0584442075657663,0.174768290391163,-2.6365394935554547,0.014936679876170067,0.752381,0.732919,0.956628,0.939078,0.017598400000000014,0.018632399999999993,-2.6707150797009236,0.014165411722096661,-4.145259876087288,0.0016149710460374037,0.00045219030599047633,0.00021159426302857137,0.0001287619293476189,7.383535890476157e-06
03,0.9914385,0.943585,0.995844,0.9904515,0.05178049999999998,0.005500499999999964,-9.90663601966044,0.0010938469816708784,-4.371411311854047,0.0023559108080433554,0.990849,0.93875,0.9958294999999999,0.9894145,0.050447999999999965,0.006850250000000002,-15.903054951871901,1.9617893030038276e-06,-7.114134574625142,0.00019392725062256056,0.0006817230348428565,1.0849283952380958e-06,2.185890683095239e-05,5.7469838095234924e-08
