category,t_stat_image,p_value_image,t_stat_pixel,p_value_pixel,image_difference,pixel_difference,image_median_clean,image_median_contaminated,pixel_median_clean,pixel_median_contaminated
01,-2.0604887854797242,0.0541962190111371,-8.294590329985814,1.681463373442727e-05,0.01164019999999999,0.026390400000000015,0.989418,0.962963,0.972502,0.945294
02,-1.0584442075657663,0.174768290391163,-2.6365394935554547,0.014936679876170067,0.0065008000000000175,0.02549180000000002,0.733126,0.737888,0.957003,0.940269
03,-9.90663601966044,0.0010938469816708784,-4.371411311854047,0.0023559108080433554,0.05178049999999998,0.005500499999999964,0.9914385,0.943585,0.995844,0.9904515
