category,t_stat_image,p_value_image,t_stat_pixel,p_value_pixel
01,-2.0604887854797242,0.0541962190111371,-8.294590329985814,1.681463373442727e-05
02,-1.0584442075657663,0.174768290391163,-2.6365394935554547,0.014936679876170067
03,-9.90663601966044,0.0010938469816708784,-4.371411311854047,0.0023559108080433554
